Target,MSE,R2
DomesticGross,901.1924214500197,0.8653690664315796
ForeignGross,5100.3705326972195,0.77091483947596
WorldGross,3795.945548103657,0.9260648575664424
